<?xml version="1.0" encoding="UTF-8"?>
<project-private xmlns="http://www.netbeans.org/ns/project-private/1">
    <editor-bookmarks xmlns="http://www.netbeans.org/ns/editor-bookmarks/2" lastBookmarkId="0"/>
    <open-files xmlns="http://www.netbeans.org/ns/projectui-open-files/2">
        <group>
            <file>file:/C:/Giselle/Universidad/5to%20Trimestre/Estructura%20de%20Datos/EjerciciosListas/Proyecto_1/src/AntSystem/SystemAnt.java</file>
            <file>file:/C:/Giselle/Universidad/5to%20Trimestre/Estructura%20de%20Datos/EjerciciosListas/Proyecto_1/src/Graph/Node.java</file>
            <file>file:/C:/Giselle/Universidad/5to%20Trimestre/Estructura%20de%20Datos/EjerciciosListas/Proyecto_1/src/Graph/LAGraph.java</file>
            <file>file:/C:/Giselle/Universidad/5to%20Trimestre/Estructura%20de%20Datos/EjerciciosListas/Proyecto_1/src/Graph/List.java</file>
        </group>
    </open-files>
</project-private>
